id,attr6,attr7,attr8,attr9
a,35.70078,43.7630286,31.5864574,34.37089132
b,139.71475,142.35354066,130.54878033,108.87531337